NumberQuits,Number of QUITs in each HIT,LOCs in Java Method HIT,Questions for Java method,Workers for Java method,PercentQuit
36,27,78,37,246,0.146341463
8,9,28,18,120,0.066666667
3,7,7,9,60,0.05
6,4,23,10,66,0.090909091
12,3,23,17,114,0.105263158
3,3,12,8,54,0.055555556
11,3,33,24,160,0.06875
1,1,7,6,40,0.025
